"CHROM","source","type","start","end","score","strand","phase","attributes","ID","PI","NUMBERofSNPs"
"chr1","feature","gene",25750008,25752686,".","-",".","ID=Mp1g25250;MapolyID=Mapoly0002s0346;Name=Mp1g25250","Mp1g25250",0.00233381,14
"chr1","feature","gene",25773266,25775763,".","-",".","ID=Mp1g25260;MapolyID=Mapoly0002s0345;Name=Mp1g25260","Mp1g25260",0.00234920666666667,16
"chr1","feature","gene",25803075,25805610,".","-",".","ID=Mp1g25270;MapolyID=Mapoly0002s0344;Name=Mp1g25270","Mp1g25270",0.000238163,1
"chr1","feature","gene",25828783,25831513,".","+",".","ID=Mp1g25280;MapolyID=Mapoly0002s0343;Name=Mp1g25280","Mp1g25280",0.0021668075,19
"chr1","feature","gene",25832291,25835683,".","-",".","ID=Mp1g25290;MapolyID=Mapoly0002s0342;Name=Mp1g25290","Mp1g25290",0.00223809375,20
"chr1","feature","gene",25861408,25867238,".","+",".","ID=Mp1g25310;MapolyID=Mapoly0002s0340;Name=Mp1g25310","Mp1g25310",0.00201360571428571,31
"chr1","feature","gene",25869061,25870699,".","+",".","ID=Mp1g25320;MapolyID=Mapoly0002s0339;Name=Mp1g25320","Mp1g25320",0.004333955,19
"chr3","feature","gene",16376031,16378807,".","-",".","ID=Mp3g16680;MapolyID=Mapoly0004s0003;Name=Mp3g16680","Mp3g16680",0.00138135,5
"chr3","feature","gene",16382824,16385892,".","-",".","ID=Mp3g16690;MapolyID=Mapoly0004s0002;Name=Mp3g16690","Mp3g16690",0.000349206,3
"chr3","feature","gene",16386268,16391407,".","+",".","ID=Mp3g16700;MapolyID=Mapoly0004s0001;Name=Mp3g16700","Mp3g16700",0.0005714285,6
"chr3","feature","gene",16633835,16634998,".","+",".","ID=Mp3g16720;MapolyID=Mapoly0039s0123;Name=Mp3g16720","Mp3g16720",0.000285714,2
"chr3","feature","gene",16663335,16667525,".","+",".","ID=Mp3g16730;MapolyID=Mapoly0039s0122;Name=Mp3g16730","Mp3g16730",0.0004285715,3
"chr3","feature","gene",16729694,16734947,".","+",".","ID=Mp3g16740;MapolyID=Mapoly0039s0121;Name=Mp3g16740","Mp3g16740",0.00241111,29
"chr3","feature","gene",24365893,24370736,".","-",".","ID=Mp3g23110;MapolyID=Mapoly0024s0088;Name=Mp3g23110","Mp3g23110",0.00280327516666667,38
"chr3","feature","gene",24373140,24376057,".","+",".","ID=Mp3g23120;MapolyID=Mapoly0024s0089;Name=Mp3g23120","Mp3g23120",0.00304809333333333,21
"chr3","feature","gene",24379932,24389541,".","+",".","ID=Mp3g23130;MapolyID=Mapoly0024s0090;Name=Mp3g23130","Mp3g23130",0.000948108,25
"chr3","feature","gene",24398221,24401995,".","+",".","ID=Mp3g23140;MapolyID=Mapoly0024s0091;Name=Mp3g23140","Mp3g23140",0.000952381,2
"chr3","feature","gene",24399569,24400478,".","+",".","ID=Mp3g23150;MapolyID=Mapoly0024s0093;Name=Mp3g23150","Mp3g23150",NA,NA
"chr3","feature","gene",24414198,24419429,".","-",".","ID=Mp3g23170;MapolyID=Mapoly0024s0094;Name=Mp3g23170","Mp3g23170",0.00197619225,17
"chr3","feature","gene",24419118,24419659,".","-",".","ID=Mp3g23180;MapolyID=Mapoly0024s0095;Name=Mp3g23180","Mp3g23180",NA,NA
"chr3","feature","gene",24438955,24440295,".","+",".","ID=Mp3g23190;MapolyID=Mapoly0024s0096;Name=Mp3g23190","Mp3g23190",0.000952381,2
"chr3","feature","gene",24451553,24456765,".","-",".","ID=Mp3g23200;MapolyID=Mapoly0024s0097;Name=Mp3g23200","Mp3g23200",0.000658768833333333,9
"chr3","feature","gene",24639096,24640924,".","+",".","ID=Mp3g23290;MapolyID=Mapoly3457s0001;Name=Mp3g23290","Mp3g23290",NA,NA
"chr3","feature","gene",24656311,24659518,".","+",".","ID=Mp3g23300;MapolyID=Mapoly0024s0106;Name=Mp3g23300","Mp3g23300",NA,NA
"chr3","feature","gene",24701801,24710319,".","-",".","ID=Mp3g23310;MapolyID=Mapoly0024s0107;Name=Mp3g23310","Mp3g23310",NA,NA
"chr3","feature","gene",24714174,24723438,".","+",".","ID=Mp3g23320;MapolyID=Mapoly0024s0108;Name=Mp3g23320","Mp3g23320",0.00047619,2
"chr3","feature","gene",24750813,24752021,".","+",".","ID=Mp3g23330;MapolyID=Mapoly0024s0109;Name=Mp3g23330","Mp3g23330",NA,NA
"chr3","feature","gene",24761192,24766207,".","-",".","ID=Mp3g23340;MapolyID=Mapoly0024s0110;Name=Mp3g23340","Mp3g23340",NA,NA
"chr3","feature","gene",24772382,24775639,".","-",".","ID=Mp3g23350;MapolyID=Mapoly0024s0111;Name=Mp3g23350","Mp3g23350",NA,NA
"chr3","feature","gene",24776700,24787985,".","+",".","ID=Mp3g23360;MapolyID=Mapoly0024s0112;Name=Mp3g23360","Mp3g23360",NA,NA
"chr3","feature","gene",24789730,24794184,".","+",".","ID=Mp3g23370;MapolyID=Mapoly0024s0113;Name=Mp3g23370","Mp3g23370",0.0006190475,5
"chr3","feature","gene",24795534,24800150,".","+",".","ID=Mp3g23380;MapolyID=Mapoly0024s0114;Name=Mp3g23380","Mp3g23380",0.0016190462,17
"chr3","feature","gene",24815051,24825882,".","+",".","ID=Mp3g23390;MapolyID=Mapoly0024s0115;Name=Mp3g23390","Mp3g23390",NA,NA
"chr3","feature","gene",24850565,24853018,".","-",".","ID=Mp3g23400;MapolyID=Mapoly0024s0116;Name=Mp3g23400","Mp3g23400",0.000888888,6
"chr3","feature","gene",24860983,24862041,".","+",".","ID=Mp3g23410;MapolyID=Mapoly0024s0117;Name=Mp3g23410","Mp3g23410",NA,NA
"chr3","feature","gene",24870270,24874220,".","-",".","ID=Mp3g23420;MapolyID=Mapoly0024s0118;Name=Mp3g23420","Mp3g23420",0.000285714,1
"chr3","feature","gene",24885605,24888623,".","-",".","ID=Mp3g23430;MapolyID=Mapoly0024s0119;Name=Mp3g23430","Mp3g23430",NA,NA
"chr3","feature","gene",24895764,24900093,".","-",".","ID=Mp3g23440;MapolyID=Mapoly0024s0120;Name=Mp3g23440","Mp3g23440",0.00147661,4
"chr3","feature","gene",24901920,24903457,".","+",".","ID=Mp3g23450;MapolyID=Mapoly0024s0121;Name=Mp3g23450","Mp3g23450",0.0006429725,4
"chr3","feature","gene",24907304,24910109,".","+",".","ID=Mp3g23460;MapolyID=Mapoly0024s0122;Name=Mp3g23460","Mp3g23460",NA,NA
"chr3","feature","gene",24913012,24913521,".","+",".","ID=Mp3g23470;MapolyID=Mapoly0024s0123;Name=Mp3g23470","Mp3g23470",0.00114286,2
"chr3","feature","gene",24934628,24946003,".","-",".","ID=Mp3g23480;MapolyID=Mapoly0024s0124;Name=Mp3g23480","Mp3g23480",0.000435432285714286,9
"chr3","feature","gene",24957749,24962170,".","+",".","ID=Mp3g23490;MapolyID=Mapoly0024s0125;Name=Mp3g23490","Mp3g23490",0.0022952962,24
"chr3","feature","gene",24962783,24969580,".","+",".","ID=Mp3g23500;MapolyID=Mapoly0024s0126;Name=Mp3g23500","Mp3g23500",0.00188888966666667,25
"chr4","feature","gene",3250225,3258498,".","+",".","ID=Mp4g02970;MapolyID=Mapoly0080s0002;Name=Mp4g02970","Mp4g02970",0.000925170428571429,22
"chr4","feature","gene",3270348,3274031,".","-",".","ID=Mp4g02980;MapolyID=Mapoly0080s0001;Name=Mp4g02980","Mp4g02980",0.000365102,4
"chr4","feature","gene",3398274,3399926,".","+",".","ID=Mp4g02990;MapolyID=Mapoly0201s0004;Name=Mp4g02990","Mp4g02990",0.000285714,1
"chr4","feature","gene",3430240,3431363,".","-",".","ID=Mp4g03000;MapolyID=Mapoly0323s0001;Name=Mp4g03000","Mp4g03000",0.000952381,2
"chr4","feature","gene",3433296,3435099,".","-",".","ID=Mp4g03010;MapolyID=Mapoly0323s0002;Name=Mp4g03010","Mp4g03010",0.0005238095,3
"chr4","feature","gene",3463294,3466100,".","-",".","ID=Mp4g03020;MapolyID=Mapoly0201s0003;Name=Mp4g03020","Mp4g03020",NA,NA
"chr4","feature","gene",3533586,3534515,".","-",".","ID=Mp4g03030;MapolyID=Mapoly0172s0023;Name=Mp4g03030","Mp4g03030",NA,NA
"chr4","feature","gene",3536198,3544649,".","-",".","ID=Mp4g03040;MapolyID=Mapoly0172s0022;Name=Mp4g03040","Mp4g03040",NA,NA
"chr4","feature","gene",3551348,3554112,".","-",".","ID=Mp4g03050;MapolyID=Mapoly0172s0021;Name=Mp4g03050","Mp4g03050",0.0004285715,6
"chr4","feature","gene",16649066,16650343,".","-",".","ID=Mp4g14490;MapolyID=Mapoly0070s0032;Name=Mp4g14490","Mp4g14490",0.001238095,7
"chr4","feature","gene",16651922,16654314,".","+",".","ID=Mp4g14500;MapolyID=Mapoly0070s0031;Name=Mp4g14500","Mp4g14500",0.000523859333333333,5
"chr4","feature","gene",16664486,16668724,".","+",".","ID=Mp4g14510;MapolyID=Mapoly0070s0030;Name=Mp4g14510","Mp4g14510",0.000761905,4
"chr4","feature","gene",16677527,16685654,".","-",".","ID=Mp4g14520;MapolyID=Mapoly0070s0029;Name=Mp4g14520","Mp4g14520",0.000494121125,13
"chr4","feature","gene",16688429,16690593,".","-",".","ID=Mp4g14530;MapolyID=Mapoly0070s0028;Name=Mp4g14530","Mp4g14530",0.000857143,3
"chr4","feature","gene",16701364,16703325,".","+",".","ID=Mp4g14540;MapolyID=Mapoly0070s0027;Name=Mp4g14540","Mp4g14540",0.00131746133333333,11
"chr4","feature","gene",16705462,16709067,".","-",".","ID=Mp4g14550;MapolyID=Mapoly0070s0026;Name=Mp4g14550","Mp4g14550",0.0004286122,7
"chr4","feature","gene",16722922,16724271,".","+",".","ID=Mp4g14560;MapolyID=Mapoly0070s0025;Name=Mp4g14560","Mp4g14560",0.0009523825,6
"chr4","feature","gene",16724613,16726233,".","+",".","ID=Mp4g14570;MapolyID=Mapoly0070s0024;Name=Mp4g14570","Mp4g14570",0.000809525,5
"chr4","feature","gene",16731678,16734215,".","+",".","ID=Mp4g14580;MapolyID=Mapoly0070s0023;Name=Mp4g14580","Mp4g14580",0.001063597,8
"chr4","feature","gene",16740099,16742345,".","-",".","ID=Mp4g14590;MapolyID=Mapoly0070s0022;Name=Mp4g14590","Mp4g14590",0.0010476215,5
"chr4","feature","gene",16756854,16758650,".","-",".","ID=Mp4g14600;MapolyID=Mapoly0070s0021;Name=Mp4g14600","Mp4g14600",0.000587369666666667,4
"chr4","feature","gene",16775914,16777069,".","-",".","ID=Mp4g14610;MapolyID=Mapoly0070s0020;Name=Mp4g14610","Mp4g14610",0.000404796,2
"chr4","feature","gene",16776770,16780496,".","+",".","ID=Mp4g14620;MapolyID=Mapoly0070s0019;Name=Mp4g14620","Mp4g14620",0.00041668375,5
"chr4","feature","gene",16789848,16792211,".","-",".","ID=Mp4g14630;MapolyID=Mapoly0070s0018;Name=Mp4g14630","Mp4g14630",0.00077389825,8
"chr4","feature","gene",16800669,16801348,".","-",".","ID=Mp4g14640;MapolyID=Mapoly0070s0017;Name=Mp4g14640","Mp4g14640",0.000666667,4
"chr4","feature","gene",16801850,16806896,".","+",".","ID=Mp4g14650;MapolyID=Mapoly0070s0016;Name=Mp4g14650","Mp4g14650",0.0010476196,12
"chr4","feature","gene",16807573,16844288,".","-",".","ID=Mp4g14660;MapolyID=Mapoly0070s0015;Name=Mp4g14660","Mp4g14660",0.0014164944516129,92
"chr4","feature","gene",16853757,16859601,".","+",".","ID=Mp4g14670;MapolyID=Mapoly0070s0014;Name=Mp4g14670","Mp4g14670",0.0015953685,21
"chr4","feature","gene",16860981,16864376,".","-",".","ID=Mp4g14680;MapolyID=Mapoly0070s0013;Name=Mp4g14680","Mp4g14680",0.00140476225,14
"chr4","feature","gene",16881144,16884204,".","-",".","ID=Mp4g14690;MapolyID=Mapoly0070s0012;Name=Mp4g14690","Mp4g14690",0.000380952333333333,4
"chr4","feature","gene",16909371,16910650,".","-",".","ID=Mp4g14700;MapolyID=Mapoly0070s0011;Name=Mp4g14700","Mp4g14700",0.0005238095,3
"chr4","feature","gene",16917142,16921172,".","-",".","ID=Mp4g14710;MapolyID=Mapoly0070s0010;Name=Mp4g14710","Mp4g14710",NA,NA
"chr4","feature","gene",16927557,16932519,".","+",".","ID=Mp4g14720;MapolyID=Mapoly0070s0009;Name=Mp4g14720","Mp4g14720",0.000380952,2
"chr4","feature","gene",16936217,16938476,".","-",".","ID=Mp4g14730;MapolyID=Mapoly0070s0008;Name=Mp4g14730","Mp4g14730",NA,NA
"chr4","feature","gene",16940651,16941178,".","+",".","ID=Mp4g14740;MapolyID=Mapoly0070s0007;Name=Mp4g14740","Mp4g14740",NA,NA
"chr4","feature","gene",16941301,16947052,".","+",".","ID=Mp4g14750;MapolyID=Mapoly0070s0006;Name=Mp4g14750","Mp4g14750",NA,NA
"chr4","feature","gene",16947053,16953698,".","+",".","ID=Mp4g14760;MapolyID=Mapoly0070s0005;Name=Mp4g14760","Mp4g14760",NA,NA
"chr4","feature","gene",17087996,17088877,".","+",".","ID=Mp4g14780;MapolyID=Mapoly0119s0004;Name=Mp4g14780","Mp4g14780",0.00152381,4
"chr4","feature","gene",19452259,19459085,".","+",".","ID=Mp4g17090;MapolyID=Mapoly0148s0010;Name=Mp4g17090","Mp4g17090",0.001815713375,33
"chr4","feature","gene",19459267,19461403,".","-",".","ID=Mp4g17100;MapolyID=Mapoly0148s0009;Name=Mp4g17100","Mp4g17100",0.002682771,20
"chr4","feature","gene",19468290,19474113,".","+",".","ID=Mp4g17110;MapolyID=Mapoly0148s0008;Name=Mp4g17110","Mp4g17110",0.00129258757142857,20
"chr4","feature","gene",19484029,19505371,".","+",".","ID=Mp4g17120;MapolyID=Mapoly0148s0007;Name=Mp4g17120","Mp4g17120",0.00110088929411765,36
"chr4","feature","gene",19507180,19510303,".","+",".","ID=Mp4g17130;MapolyID=Mapoly0148s0006;Name=Mp4g17130","Mp4g17130",0.0025366425,24
"chr4","feature","gene",19509847,19514722,".","-",".","ID=Mp4g17140;MapolyID=Mapoly0148s0005;Name=Mp4g17140","Mp4g17140",0.00303332833333333,41
"chr4","feature","gene",19514744,19516499,".","-",".","ID=Mp4g17150;MapolyID=Mapoly0148s0004;Name=Mp4g17150","Mp4g17150",0.00284394666666667,21
"chr4","feature","gene",19518565,19523422,".","+",".","ID=Mp4g17160;MapolyID=Mapoly0148s0003;Name=Mp4g17160","Mp4g17160",0.0020577982,24
"chr4","feature","gene",19523510,19531078,".","-",".","ID=Mp4g17170;MapolyID=Mapoly0148s0001;Name=Mp4g17170","Mp4g17170",0.00110076911111111,26
"chr4","feature","gene",19523685,19525289,".","+",".","ID=Mp4g17180;MapolyID=Mapoly0148s0002;Name=Mp4g17180","Mp4g17180",0.00111145666666667,10
"chr4","feature","gene",19574700,19576582,".","-",".","ID=Mp4g17190;MapolyID=Mapoly0041s0001;Name=Mp4g17190","Mp4g17190",0.00153990333333333,11
"chr4","feature","gene",19583511,19583927,".","-",".","ID=Mp4g17200;MapolyID=Mapoly0041s0002;Name=Mp4g17200","Mp4g17200",0.000952381,2
"chr4","feature","gene",19583860,19586932,".","+",".","ID=Mp4g17210;MapolyID=Mapoly0041s0003;Name=Mp4g17210","Mp4g17210",0.00097630325,8
"chr4","feature","gene",19589473,19591442,".","+",".","ID=Mp4g17220;MapolyID=Mapoly0041s0004;Name=Mp4g17220","Mp4g17220",0.00130185,11
"chr4","feature","gene",19677863,19684838,".","+",".","ID=Mp4g17230;MapolyID=Mapoly0041s0005;Name=Mp4g17230","Mp4g17230",0.000970257,24
"chr4","feature","gene",19684220,19689720,".","-",".","ID=Mp4g17240;MapolyID=Mapoly0041s0006;Name=Mp4g17240","Mp4g17240",0.000555556,10
"chr4","feature","gene",19701771,19704906,".","-",".","ID=Mp4g17250;MapolyID=Mapoly0041s0007;Name=Mp4g17250","Mp4g17250",0.00048811225,7
"chr4","feature","gene",19702440,19702723,".","+",".","ID=Mp4g17260;MapolyID=Mapoly0041s0008;Name=Mp4g17260","Mp4g17260",0.000571429,2
"chr4","feature","gene",19706943,19710400,".","-",".","ID=Mp4g17270;MapolyID=Mapoly0041s0009;Name=Mp4g17270","Mp4g17270",0.00311955,24
"chr4","feature","gene",19710288,19710707,".","-",".","ID=Mp4g17280;MapolyID=Mapoly0041s0010;Name=Mp4g17280","Mp4g17280",0.00142857,3
"chr4","feature","gene",19711402,19715168,".","+",".","ID=Mp4g17290;MapolyID=Mapoly0041s0011;Name=Mp4g17290","Mp4g17290",0.0019619046,21
"chr4","feature","gene",19725265,19731780,".","-",".","ID=Mp4g17300;MapolyID=Mapoly0041s0012;Name=Mp4g17300","Mp4g17300",0.00108179542857143,15
"chr4","feature","gene",19731748,19732263,".","-",".","ID=Mp4g17310;MapolyID=Mapoly0041s0013;Name=Mp4g17310","Mp4g17310",0.000881204,4
"chr4","feature","gene",19733831,19734780,".","+",".","ID=Mp4g17320;MapolyID=Mapoly0041s0014;Name=Mp4g17320","Mp4g17320",0.000666667,3
"chr4","feature","gene",19736293,19737928,".","-",".","ID=Mp4g17330;MapolyID=Mapoly0041s0015;Name=Mp4g17330","Mp4g17330",0.0009526545,7
"chr4","feature","gene",19741097,19742047,".","+",".","ID=Mp4g17340;MapolyID=Mapoly0041s0016;Name=Mp4g17340","Mp4g17340",0.0009763895,7
"chr4","feature","gene",19747913,19751003,".","+",".","ID=Mp4g17350;MapolyID=Mapoly0041s0017;Name=Mp4g17350","Mp4g17350",0.000746055333333333,8
"chr4","feature","gene",19752321,19755676,".","+",".","ID=Mp4g17360;MapolyID=Mapoly0041s0018;Name=Mp4g17360","Mp4g17360",0.00090489725,12
"chr4","feature","gene",19757510,19758316,".","-",".","ID=Mp4g17370;MapolyID=Mapoly0041s0019;Name=Mp4g17370","Mp4g17370",0.000285714,1
"chr4","feature","gene",19758594,19762201,".","+",".","ID=Mp4g17380;MapolyID=Mapoly0041s0020;Name=Mp4g17380","Mp4g17380",NA,NA
"chr4","feature","gene",19768868,19770973,".","-",".","ID=Mp4g17390;MapolyID=Mapoly0041s0021;Name=Mp4g17390","Mp4g17390",0.000285714,2
"chr4","feature","gene",19771044,19772648,".","-",".","ID=Mp4g17400;MapolyID=Mapoly0041s0022;Name=Mp4g17400","Mp4g17400",0.0009999995,4
"chr4","feature","gene",19775436,19776538,".","-",".","ID=Mp4g17410;MapolyID=Mapoly0041s0023;Name=Mp4g17410","Mp4g17410",0.001000002,5
"chr4","feature","gene",19776470,19780170,".","+",".","ID=Mp4g17420;MapolyID=Mapoly0041s0024;Name=Mp4g17420","Mp4g17420",0.00111904975,12
"chr4","feature","gene",19784155,19788486,".","-",".","ID=Mp4g17430;MapolyID=Mapoly0041s0025;Name=Mp4g17430","Mp4g17430",0.000714287,4
"chr4","feature","gene",25934427,25938470,".","+",".","ID=Mp4g23140;MapolyID=Mapoly0020s0077;Name=Mp4g23140","Mp4g23140",0.00092857125,13
"chr4","feature","gene",25958437,25962245,".","-",".","ID=Mp4g23150;MapolyID=Mapoly0020s0078;Name=Mp4g23150","Mp4g23150",0.0014763485,21
"chr4","feature","gene",25972134,25973734,".","-",".","ID=Mp4g23160;MapolyID=Mapoly0020s0079;Name=Mp4g23160","Mp4g23160",0.000928797,6
"chr4","feature","gene",25974159,25975939,".","+",".","ID=Mp4g23170;MapolyID=Mapoly0020s0080;Name=Mp4g23170","Mp4g23170",NA,NA
"chr4","feature","gene",25976544,25978713,".","-",".","ID=Mp4g23180;Name=Mp4g23180","Mp4g23180",0.00177970966666667,20
"chr4","feature","gene",25982686,25986059,".","+",".","ID=Mp4g23190;MapolyID=Mapoly0020s0082;Name=Mp4g23190","Mp4g23190",0.0012761904,15
"chr4","feature","gene",25999558,26001688,".","-",".","ID=Mp4g23200;MapolyID=Mapoly0020s0083;Name=Mp4g23200","Mp4g23200",0.00269883,18
"chr4","feature","gene",26003282,26004044,".","+",".","ID=Mp4g23210;MapolyID=Mapoly0020s0084;Name=Mp4g23210","Mp4g23210",0.001380955,9
"chr4","feature","gene",26012319,26014991,".","+",".","ID=Mp4g23220;MapolyID=Mapoly0020s0086;Name=Mp4g23220","Mp4g23220",0.000777818,5
"chr4","feature","gene",26016864,26019550,".","+",".","ID=Mp4g23230;MapolyID=Mapoly0020s0087;Name=Mp4g23230","Mp4g23230",0.0022030925,26
"chr4","feature","gene",26023983,26026535,".","-",".","ID=Mp4g23240;MapolyID=Mapoly0020s0088;Name=Mp4g23240","Mp4g23240",0.00198434,19
"chr4","feature","gene",26050594,26052608,".","-",".","ID=Mp4g23250;MapolyID=Mapoly0020s0089;Name=Mp4g23250","Mp4g23250",0.00204762,13
"chr4","feature","gene",26052676,26054328,".","+",".","ID=Mp4g23260;Name=Mp4g23260","Mp4g23260",0.00695238,17
"chr4","feature","gene",26065129,26069549,".","-",".","ID=Mp4g23270;MapolyID=Mapoly0020s0090;Name=Mp4g23270","Mp4g23270",0.0012952374,16
"chr4","feature","gene",26068721,26070244,".","+",".","ID=Mp4g23280;MapolyID=Mapoly0020s0091;Name=Mp4g23280","Mp4g23280",0.00173036333333333,14
"chr4","feature","gene",26074862,26083283,".","-",".","ID=Mp4g23290;MapolyID=Mapoly0020s0092;Name=Mp4g23290","Mp4g23290",0.0017287038,44
"chr4","feature","gene",26084572,26087394,".","+",".","ID=Mp4g23300;MapolyID=Mapoly0020s0093;Name=Mp4g23300","Mp4g23300",0.0017501675,22
"chr4","feature","gene",26088508,26089798,".","-",".","ID=Mp4g23310;MapolyID=Mapoly0020s0094;Name=Mp4g23310","Mp4g23310",0.000809522,5
"chr4","feature","gene",26091699,26093346,".","-",".","ID=Mp4g23320;MapolyID=Mapoly0020s0095;Name=Mp4g23320","Mp4g23320",0.001365077,10
"chr4","feature","gene",26129125,26131794,".","+",".","ID=Mp4g23340;MapolyID=Mapoly0020s0097;Name=Mp4g23340","Mp4g23340",NA,NA
"chr4","feature","gene",26147033,26149034,".","+",".","ID=Mp4g23360;MapolyID=Mapoly0020s0099;Name=Mp4g23360","Mp4g23360",0.0010476205,6
"chr4","feature","gene",26157252,26162746,".","+",".","ID=Mp4g23370;MapolyID=Mapoly0020s0100;Name=Mp4g23370","Mp4g23370",0.000476190333333333,4
"chr4","feature","gene",26163479,26169974,".","+",".","ID=Mp4g23380;MapolyID=Mapoly0020s0101;Name=Mp4g23380","Mp4g23380",0.00127910485714286,21
"chr4","feature","gene",26174347,26175703,".","+",".","ID=Mp4g23390;MapolyID=Mapoly0020s0102;Name=Mp4g23390","Mp4g23390",0.0013333355,6
"chr5","feature","gene",6580887,6584501,".","+",".","ID=Mp5g06250;MapolyID=Mapoly0027s0003;Name=Mp5g06250","Mp5g06250",0.00160756,18
"chr5","feature","gene",6607721,6611672,".","+",".","ID=Mp5g06260;MapolyID=Mapoly0027s0002;Name=Mp5g06260","Mp5g06260",0.0003571765,2
"chr5","feature","gene",6614018,6615678,".","+",".","ID=Mp5g06270;MapolyID=Mapoly0027s0001;Name=Mp5g06270","Mp5g06270",NA,NA
"chr5","feature","gene",6649349,6650798,".","-",".","ID=Mp5g06280;MapolyID=Mapoly1410s0001;Name=Mp5g06280","Mp5g06280",0.0005714285,4
"chr5","feature","gene",6674075,6675828,".","+",".","ID=Mp5g06290;Name=Mp5g06290","Mp5g06290",NA,NA
"chr5","feature","gene",6680960,6684251,".","-",".","ID=Mp5g06300;MapolyID=Mapoly1012s0001;Name=Mp5g06300","Mp5g06300",0.0009527505,6
"chr5","feature","gene",7104450,7107795,".","+",".","ID=Mp5g06690;MapolyID=Mapoly0171s0014;Name=Mp5g06690","Mp5g06690",0.001333333,8
"chr5","feature","gene",7109140,7110783,".","-",".","ID=Mp5g06700;MapolyID=Mapoly0171s0013;Name=Mp5g06700","Mp5g06700",0.0012380975,6
"chr5","feature","gene",7112893,7115149,".","+",".","ID=Mp5g06710;MapolyID=Mapoly0171s0012;Name=Mp5g06710","Mp5g06710",0.00377789766666667,24
"chr5","feature","gene",7129733,7130539,".","+",".","ID=Mp5g06720;MapolyID=Mapoly0171s0011;Name=Mp5g06720","Mp5g06720",0.000571429,2
"chr5","feature","gene",7161087,7162244,".","+",".","ID=Mp5g06730;MapolyID=Mapoly0171s0010;Name=Mp5g06730","Mp5g06730",0.000571429,2
"chr5","feature","gene",7171723,7173348,".","-",".","ID=Mp5g06740;MapolyID=Mapoly0171s0009;Name=Mp5g06740","Mp5g06740",0.001000002,4
"chr5","feature","gene",7174017,7176093,".","+",".","ID=Mp5g06750;MapolyID=Mapoly0171s0008;Name=Mp5g06750","Mp5g06750",0.000539682666666667,3
"chr5","feature","gene",7175375,7178039,".","-",".","ID=Mp5g06760;MapolyID=Mapoly0171s0007;Name=Mp5g06760","Mp5g06760",0.000797732,8
"chr5","feature","gene",7183212,7185376,".","-",".","ID=Mp5g06770;MapolyID=Mapoly0171s0005;Name=Mp5g06770","Mp5g06770",0.0006666665,3
"chr5","feature","gene",7183608,7184394,".","+",".","ID=Mp5g06780;MapolyID=Mapoly0171s0006;Name=Mp5g06780","Mp5g06780",0.000857143,2
"chr5","feature","gene",7195700,7205356,".","-",".","ID=Mp5g06790;MapolyID=Mapoly0171s0004;Name=Mp5g06790","Mp5g06790",0.000571428333333333,4
"chr5","feature","gene",7209313,7212200,".","-",".","ID=Mp5g06800;MapolyID=Mapoly0171s0003;Name=Mp5g06800","Mp5g06800",0.0015239725,13
"chr5","feature","gene",7508763,7511575,".","+",".","ID=Mp5g07090;MapolyID=Mapoly0136s0012;Name=Mp5g07090","Mp5g07090",0.000833332,7
"chr5","feature","gene",7511605,7515833,".","-",".","ID=Mp5g07100;MapolyID=Mapoly0136s0011;Name=Mp5g07100","Mp5g07100",0.001733333,18
"chr5","feature","gene",7523957,7534813,".","-",".","ID=Mp5g07110;MapolyID=Mapoly0136s0010;Name=Mp5g07110","Mp5g07110",0.0010317455,13
"chr5","feature","gene",7539594,7541478,".","-",".","ID=Mp5g07120;MapolyID=Mapoly0136s0009;Name=Mp5g07120","Mp5g07120",0.000603256,4
"chr5","feature","gene",7549788,7553611,".","+",".","ID=Mp5g07140;MapolyID=Mapoly0136s0007;Name=Mp5g07140","Mp5g07140",0.00047619,2
"chr5","feature","gene",7564118,7570006,".","+",".","ID=Mp5g07150;MapolyID=Mapoly0136s0006;Name=Mp5g07150","Mp5g07150",0.00102726385714286,17
"chr5","feature","gene",7570007,7573017,".","+",".","ID=Mp5g07160;MapolyID=Mapoly0136s0005;Name=Mp5g07160","Mp5g07160",0.00144467633333333,10
"chr5","feature","gene",7578662,7584165,".","-",".","ID=Mp5g07170;MapolyID=Mapoly0136s0004;Name=Mp5g07170","Mp5g07170",0.00300070857142857,41
"chr5","feature","gene",7586055,7590830,".","+",".","ID=Mp5g07180;MapolyID=Mapoly0136s0003;Name=Mp5g07180","Mp5g07180",NA,NA
"chr5","feature","gene",7591121,7594532,".","-",".","ID=Mp5g07190;MapolyID=Mapoly0136s0002;Name=Mp5g07190","Mp5g07190",0.000571536,5
"chr5","feature","gene",7602532,7605203,".","+",".","ID=Mp5g07200;Name=Mp5g07200","Mp5g07200",0.00263635333333333,24
"chr5","feature","gene",9835691,9840910,".","+",".","ID=Mp5g09100;MapolyID=Mapoly0095s0049;Name=Mp5g09100","Mp5g09100",0.000571429,2
"chr5","feature","gene",9863362,9864808,".","-",".","ID=Mp5g09110;MapolyID=Mapoly0095s0048;Name=Mp5g09110","Mp5g09110",0.0005715235,3
"chr5","feature","gene",9883120,9884119,".","+",".","ID=Mp5g09120;MapolyID=Mapoly0095s0047;Name=Mp5g09120","Mp5g09120",0.000666667,4
"chr5","feature","gene",9884001,9892103,".","+",".","ID=Mp5g09130;MapolyID=Mapoly0095s0046;Name=Mp5g09130","Mp5g09130",0.00130165988888889,27
"chr5","feature","gene",9896317,9900063,".","-",".","ID=Mp5g09140;MapolyID=Mapoly0095s0045;Name=Mp5g09140","Mp5g09140",0.0009524352,11
"chr5","feature","gene",9901062,9903161,".","-",".","ID=Mp5g09150;MapolyID=Mapoly0095s0044;Name=Mp5g09150","Mp5g09150",0.001428575,5
"chr5","feature","gene",9915142,9921922,".","-",".","ID=Mp5g09160;MapolyID=Mapoly0095s0043;Name=Mp5g09160","Mp5g09160",0.00117460333333333,15
"chr5","feature","gene",9934341,9946864,".","-",".","ID=Mp5g09170;MapolyID=Mapoly0095s0042;Name=Mp5g09170","Mp5g09170",0.0004952382,5
"chr5","feature","gene",9947677,9951152,".","+",".","ID=Mp5g09180;MapolyID=Mapoly0095s0041;Name=Mp5g09180","Mp5g09180",0.000285714,1
"chr5","feature","gene",9951153,9954384,".","-",".","ID=Mp5g09190;MapolyID=Mapoly0095s0040;Name=Mp5g09190","Mp5g09190",0.000571428333333333,4
"chr5","feature","gene",9953872,9960539,".","+",".","ID=Mp5g09200;MapolyID=Mapoly0095s0039;Name=Mp5g09200","Mp5g09200",0.0007142855,3
"chr5","feature","gene",9963774,9966167,".","-",".","ID=Mp5g09210;MapolyID=Mapoly0095s0038;Name=Mp5g09210","Mp5g09210",0.000285714,1
"chr5","feature","gene",9970173,9974078,".","-",".","ID=Mp5g09220;MapolyID=Mapoly0095s0037;Name=Mp5g09220","Mp5g09220",0.000380952333333333,3
"chr5","feature","gene",9977265,9979992,".","-",".","ID=Mp5g09230;MapolyID=Mapoly0095s0036;Name=Mp5g09230","Mp5g09230",0.000761905,2
"chr5","feature","gene",9996499,9998841,".","+",".","ID=Mp5g09240;MapolyID=Mapoly0095s0035;Name=Mp5g09240","Mp5g09240",NA,NA
"chr5","feature","gene",10040985,10043637,".","+",".","ID=Mp5g09250;MapolyID=Mapoly0095s0034;Name=Mp5g09250","Mp5g09250",0.00196825133333333,19
"chr5","feature","gene",10072831,10077800,".","-",".","ID=Mp5g09260;MapolyID=Mapoly0095s0033;Name=Mp5g09260","Mp5g09260",0.000685715,12
"chr5","feature","gene",10080538,10084020,".","+",".","ID=Mp5g09270;MapolyID=Mapoly0095s0032;Name=Mp5g09270","Mp5g09270",0.000841374,9
"chr5","feature","gene",10101104,10105907,".","-",".","ID=Mp5g09280;MapolyID=Mapoly0095s0031;Name=Mp5g09280","Mp5g09280",0.000416704,6
"chr5","feature","gene",10142871,10146298,".","+",".","ID=Mp5g09290;MapolyID=Mapoly0095s0030;Name=Mp5g09290","Mp5g09290",0.000920871,10
"chr5","feature","gene",10149681,10151337,".","-",".","ID=Mp5g09300;Name=Mp5g09300","Mp5g09300",0.000285714,2
"chr5","feature","gene",10151319,10152688,".","-",".","ID=Mp5g09310;MapolyID=Mapoly0095s0029;Name=Mp5g09310","Mp5g09310",0.000285714,2
"chr5","feature","gene",10153229,10156808,".","-",".","ID=Mp5g09320;MapolyID=Mapoly0095s0028;Name=Mp5g09320","Mp5g09320",0.0007857465,4
"chr5","feature","gene",10157608,10163297,".","+",".","ID=Mp5g09330;MapolyID=Mapoly0095s0027;Name=Mp5g09330","Mp5g09330",0.000285714,3
"chr5","feature","gene",10167506,10172035,".","+",".","ID=Mp5g09340;MapolyID=Mapoly0095s0026;Name=Mp5g09340","Mp5g09340",0.000380952333333333,4
"chr5","feature","gene",10176861,10182305,".","+",".","ID=Mp5g09350;MapolyID=Mapoly0095s0025;Name=Mp5g09350","Mp5g09350",0.000653061857142857,15
"chr5","feature","gene",10188817,10189233,".","+",".","ID=Mp5g09360;MapolyID=Mapoly0095s0024;Name=Mp5g09360","Mp5g09360",0.0014285715,10
"chr5","feature","gene",10190055,10190674,".","-",".","ID=Mp5g09370;MapolyID=Mapoly0095s0023;Name=Mp5g09370","Mp5g09370",NA,NA
"chr5","feature","gene",10192801,10195246,".","+",".","ID=Mp5g09380;MapolyID=Mapoly0095s0022;Name=Mp5g09380","Mp5g09380",0.000547619,6
"chr5","feature","gene",10196263,10197148,".","+",".","ID=Mp5g09390;MapolyID=Mapoly0095s0021;Name=Mp5g09390","Mp5g09390",NA,NA
"chr5","feature","gene",10199573,10202797,".","-",".","ID=Mp5g09400;MapolyID=Mapoly0095s0020;Name=Mp5g09400","Mp5g09400",0.00054761925,7
"chr5","feature","gene",10210574,10212286,".","-",".","ID=Mp5g09410;MapolyID=Mapoly0095s0019;Name=Mp5g09410","Mp5g09410",0.0004285715,3
"chr5","feature","gene",10224854,10230739,".","+",".","ID=Mp5g09420;MapolyID=Mapoly0095s0018;Name=Mp5g09420","Mp5g09420",0.0008380942,12
"chr5","feature","gene",10235412,10239150,".","+",".","ID=Mp5g09430;MapolyID=Mapoly0095s0017;Name=Mp5g09430","Mp5g09430",0.0011428564,12
"chr5","feature","gene",10239842,10241965,".","-",".","ID=Mp5g09440;MapolyID=Mapoly0095s0016;Name=Mp5g09440","Mp5g09440",0.0014285705,6
"chr5","feature","gene",10242397,10247286,".","+",".","ID=Mp5g09450;MapolyID=Mapoly0095s0015;Name=Mp5g09450","Mp5g09450",0.00111119733333333,14
"chr5","feature","gene",10248017,10250490,".","+",".","ID=Mp5g09460;MapolyID=Mapoly0095s0014;Name=Mp5g09460","Mp5g09460",NA,NA
"chr5","feature","gene",10275695,10278588,".","+",".","ID=Mp5g09470;MapolyID=Mapoly0095s0013;Name=Mp5g09470","Mp5g09470",0.00064288425,6
"chr5","feature","gene",10288399,10290743,".","-",".","ID=Mp5g09480;MapolyID=Mapoly0095s0012;Name=Mp5g09480","Mp5g09480",0.0007142855,3
"chr5","feature","gene",10314412,10323483,".","-",".","ID=Mp5g09490;MapolyID=Mapoly0095s0011;Name=Mp5g09490","Mp5g09490",NA,NA
"chr5","feature","gene",10330711,10336330,".","+",".","ID=Mp5g09500;MapolyID=Mapoly0095s0010;Name=Mp5g09500","Mp5g09500",0.002825398,16
"chr5","feature","gene",10337017,10338877,".","-",".","ID=Mp5g09510;MapolyID=Mapoly0095s0009;Name=Mp5g09510","Mp5g09510",0.001380955,5
"chr5","feature","gene",10339624,10344219,".","-",".","ID=Mp5g09520;MapolyID=Mapoly0095s0008;Name=Mp5g09520","Mp5g09520",NA,NA
"chr5","feature","gene",10346914,10349964,".","+",".","ID=Mp5g09530;MapolyID=Mapoly0095s0007;Name=Mp5g09530","Mp5g09530",NA,NA
"chr5","feature","gene",10351420,10355903,".","-",".","ID=Mp5g09540;MapolyID=Mapoly0095s0006;Name=Mp5g09540","Mp5g09540",0.00070244525,6
"chr7","feature","gene",1733296,1735452,".","+",".","ID=Mp7g01250;MapolyID=Mapoly0271s0001;Name=Mp7g01250","Mp7g01250",0.000507936333333333,3
"chr7","feature","gene",1740591,1742284,".","-",".","ID=Mp7g01260;MapolyID=Mapoly0271s0002;Name=Mp7g01260","Mp7g01260",0.0005238095,2
"chr7","feature","gene",1821505,1824891,".","-",".","ID=Mp7g01270;MapolyID=Mapoly0099s0001;Name=Mp7g01270","Mp7g01270",0.00079763525,10
"chr7","feature","gene",1827215,1829270,".","-",".","ID=Mp7g01280;MapolyID=Mapoly0099s0002;Name=Mp7g01280","Mp7g01280",0.001714287,14
"chr7","feature","gene",1838828,1848460,".","-",".","ID=Mp7g01290;MapolyID=Mapoly0099s0003;Name=Mp7g01290","Mp7g01290",0.000555555666666667,11
"chr7","feature","gene",1853068,1857522,".","-",".","ID=Mp7g01300;MapolyID=Mapoly0099s0004;Name=Mp7g01300","Mp7g01300",0.000825543,6
"chr7","feature","gene",1864085,1865406,".","-",".","ID=Mp7g01310;MapolyID=Mapoly0099s0005;Name=Mp7g01310","Mp7g01310",0.00195238,10
"chr7","feature","gene",17901826,17902894,".","+",".","ID=Mp7g16200;MapolyID=Mapoly0123s0001;Name=Mp7g16200","Mp7g16200",0.0013813455,7
"chr7","feature","gene",17909390,17911284,".","+",".","ID=Mp7g16210;MapolyID=Mapoly0123s0002;Name=Mp7g16210","Mp7g16210",0.000507936333333333,4
"chr7","feature","gene",17917877,17923032,".","+",".","ID=Mp7g16220;MapolyID=Mapoly0123s0003;Name=Mp7g16220","Mp7g16220",0.000444444333333333,4
"chr7","feature","gene",17922956,17925749,".","-",".","ID=Mp7g16230;MapolyID=Mapoly0123s0004;Name=Mp7g16230","Mp7g16230",0.000571429,4
"chr7","feature","gene",17941742,17945193,".","+",".","ID=Mp7g16240;MapolyID=Mapoly0123s0005;Name=Mp7g16240","Mp7g16240",0.0026990232,42
"chr7","feature","gene",17949162,17952664,".","-",".","ID=Mp7g16250;MapolyID=Mapoly0123s0006;Name=Mp7g16250","Mp7g16250",0.00126219875,14
"chr7","feature","gene",17964745,17974685,".","+",".","ID=Mp7g16260;MapolyID=Mapoly0123s0008;Name=Mp7g16260","Mp7g16260",NA,NA
"chr7","feature","gene",17984811,17990944,".","+",".","ID=Mp7g16270;MapolyID=Mapoly0123s0009;Name=Mp7g16270","Mp7g16270",0.00135731733333333,18
"chr7","feature","gene",17991112,17993495,".","-",".","ID=Mp7g16280;MapolyID=Mapoly0123s0010;Name=Mp7g16280","Mp7g16280",0.00422309333333333,29
"chr7","feature","gene",17994414,17996830,".","-",".","ID=Mp7g16290;MapolyID=Mapoly0123s0011;Name=Mp7g16290","Mp7g16290",0.00152381,12
"chr7","feature","gene",18001836,18008650,".","+",".","ID=Mp7g16300;MapolyID=Mapoly0123s0012;Name=Mp7g16300","Mp7g16300",0.00120245575,26
"chr7","feature","gene",18008704,18012307,".","-",".","ID=Mp7g16310;MapolyID=Mapoly0123s0013;Name=Mp7g16310","Mp7g16310",0.00089293075,10
"chr7","feature","gene",18023296,18040349,".","+",".","ID=Mp7g16320;MapolyID=Mapoly0123s0014;Name=Mp7g16320","Mp7g16320",0.00179474827777778,71
"chr7","feature","gene",18045611,18053472,".","-",".","ID=Mp7g16330;MapolyID=Mapoly0123s0015;Name=Mp7g16330","Mp7g16330",0.00200025825,36
"chr8","feature","gene",8726533,8727366,".","-",".","ID=Mp8g07750;MapolyID=Mapoly0013s0020;Name=Mp8g07750","Mp8g07750",0.0016666675,7
"chr8","feature","gene",8729138,8731377,".","+",".","ID=Mp8g07760;MapolyID=Mapoly0013s0019;Name=Mp8g07760","Mp8g07760",0.000635002333333333,5
"chr8","feature","gene",8741829,8742511,".","-",".","ID=Mp8g07770;MapolyID=Mapoly0013s0018;Name=Mp8g07770","Mp8g07770",0.001428575,10
"chr8","feature","gene",8745294,8748681,".","+",".","ID=Mp8g07780;MapolyID=Mapoly0013s0017;Name=Mp8g07780","Mp8g07780",0.000642858,9
"chr8","feature","gene",8750682,8752089,".","+",".","ID=Mp8g07790;MapolyID=Mapoly0013s0016;Name=Mp8g07790","Mp8g07790",0.00147619133333333,11
"chr8","feature","gene",8753224,8757216,".","-",".","ID=Mp8g07800;MapolyID=Mapoly0013s0015;Name=Mp8g07800","Mp8g07800",0.0011240048,15
"chr8","feature","gene",8760944,8766978,".","+",".","ID=Mp8g07810;MapolyID=Mapoly0013s0014;Name=Mp8g07810","Mp8g07810",0.0008095925,8
"chr8","feature","gene",8767756,8768037,".","-",".","ID=Mp8g07820;MapolyID=Mapoly0013s0013;Name=Mp8g07820","Mp8g07820",0.000571429,2
"chr8","feature","gene",8785917,8790377,".","-",".","ID=Mp8g07830;MapolyID=Mapoly0013s0012;Name=Mp8g07830","Mp8g07830",0.0004285715,2
"chr8","feature","gene",8806347,8815718,".","+",".","ID=Mp8g07840;MapolyID=Mapoly0013s0011;Name=Mp8g07840","Mp8g07840",0.001000125,20
"chr8","feature","gene",8919763,8923701,".","-",".","ID=Mp8g07900;MapolyID=Mapoly0155s0027;Name=Mp8g07900","Mp8g07900",0.0013526798,22
"chr8","feature","gene",8935994,8937564,".","+",".","ID=Mp8g07910;MapolyID=Mapoly0155s0026;Name=Mp8g07910","Mp8g07910",0.000365129,4
"chr8","feature","gene",8939161,8940902,".","-",".","ID=Mp8g07920;MapolyID=Mapoly0155s0025;Name=Mp8g07920","Mp8g07920",0.000571429,2
"chr8","feature","gene",8971217,8973377,".","-",".","ID=Mp8g07930;MapolyID=Mapoly0155s0024;Name=Mp8g07930","Mp8g07930",0.001405,9
"chr8","feature","gene",8975927,8982791,".","+",".","ID=Mp8g07940;MapolyID=Mapoly0155s0023;Name=Mp8g07940","Mp8g07940",0.0003999998,7
"chr8","feature","gene",9013170,9018798,".","+",".","ID=Mp8g07950;MapolyID=Mapoly0155s0022;Name=Mp8g07950","Mp8g07950",0.000476190333333333,5
"chr8","feature","gene",9037616,9040997,".","-",".","ID=Mp8g07980;MapolyID=Mapoly0155s0019;Name=Mp8g07980","Mp8g07980",0.000345255,5
"chr8","feature","gene",9063904,9073076,".","+",".","ID=Mp8g07990;MapolyID=Mapoly0155s0018;Name=Mp8g07990","Mp8g07990",0.000560877111111111,17
"chr8","feature","gene",9073774,9076005,".","-",".","ID=Mp8g08000;MapolyID=Mapoly0155s0017;Name=Mp8g08000","Mp8g08000",0.000904967,9
"chr8","feature","gene",9076201,9079670,".","+",".","ID=Mp8g08010;MapolyID=Mapoly0155s0016;Name=Mp8g08010","Mp8g08010",NA,NA
"chr8","feature","gene",9087144,9091419,".","+",".","ID=Mp8g08020;MapolyID=Mapoly0155s0015;Name=Mp8g08020","Mp8g08020",0.000412698,3
"chr8","feature","gene",9095811,9097800,".","+",".","ID=Mp8g08030;MapolyID=Mapoly0155s0014;Name=Mp8g08030","Mp8g08030",0.000603176,5
"chr8","feature","gene",9103455,9105028,".","+",".","ID=Mp8g08040;MapolyID=Mapoly0155s0013;Name=Mp8g08040","Mp8g08040",0.0004285715,3
"chr8","feature","gene",9130638,9142403,".","-",".","ID=Mp8g08050;MapolyID=Mapoly0155s0012;Name=Mp8g08050","Mp8g08050",0.0004619115,14
"chr8","feature","gene",9151194,9152828,".","+",".","ID=Mp8g08060;MapolyID=Mapoly0155s0011;Name=Mp8g08060","Mp8g08060",0.000285714,2
"chr8","feature","gene",9154639,9162164,".","+",".","ID=Mp8g08070;MapolyID=Mapoly0155s0010;Name=Mp8g08070","Mp8g08070",0.0005179135,13
"chr8","feature","gene",9163761,9165130,".","+",".","ID=Mp8g08080;Name=Mp8g08080","Mp8g08080",0.000380952333333333,4
"chr8","feature","gene",9176576,9179684,".","+",".","ID=Mp8g08090;MapolyID=Mapoly0155s0009;Name=Mp8g08090","Mp8g08090",0.000285714,2
"chr8","feature","gene",9182837,9187319,".","-",".","ID=Mp8g08100;MapolyID=Mapoly0155s0008;Name=Mp8g08100","Mp8g08100",NA,NA
"chr8","feature","gene",9188127,9189376,".","+",".","ID=Mp8g08110;MapolyID=Mapoly0155s0007;Name=Mp8g08110","Mp8g08110",NA,NA
"chr8","feature","gene",9189377,9195001,".","+",".","ID=Mp8g08120;MapolyID=Mapoly0155s0006;Name=Mp8g08120","Mp8g08120",NA,NA
"chr8","feature","gene",9212425,9218759,".","-",".","ID=Mp8g08130;MapolyID=Mapoly0155s0005;Name=Mp8g08130","Mp8g08130",NA,NA
"chr8","feature","gene",9241074,9245309,".","+",".","ID=Mp8g08150;MapolyID=Mapoly0155s0004;Name=Mp8g08150","Mp8g08150",0.000285714,1
"chr8","feature","gene",9255430,9261126,".","+",".","ID=Mp8g08160;MapolyID=Mapoly0155s0003;Name=Mp8g08160","Mp8g08160",0.000412761666666667,4
"chr8","feature","gene",9270239,9272384,".","+",".","ID=Mp8g08170;MapolyID=Mapoly0155s0002;Name=Mp8g08170","Mp8g08170",NA,NA
"chr8","feature","gene",9271211,9275730,".","-",".","ID=Mp8g08180;MapolyID=Mapoly0155s0001;Name=Mp8g08180","Mp8g08180",NA,NA
"chr8","feature","gene",9369458,9373266,".","-",".","ID=Mp8g08190;MapolyID=Mapoly0063s0098;Name=Mp8g08190","Mp8g08190",NA,NA
"chr8","feature","gene",9421914,9431375,".","-",".","ID=Mp8g08200;MapolyID=Mapoly0063s0097;Name=Mp8g08200","Mp8g08200",0.000269863666666667,3
"chr8","feature","gene",9446566,9446927,".","-",".","ID=Mp8g08210;MapolyID=Mapoly0636s0001;Name=Mp8g08210","Mp8g08210",0.000285714,1
"chr8","feature","gene",9461541,9463907,".","+",".","ID=Mp8g08220;MapolyID=Mapoly0063s0096;Name=Mp8g08220","Mp8g08220",0.000571429,1
"chr8","feature","gene",9464551,9478145,".","+",".","ID=Mp8g08230;MapolyID=Mapoly0063s0095;Name=Mp8g08230","Mp8g08230",NA,NA
"chr8","feature","gene",9486611,9494006,".","+",".","ID=Mp8g08240;MapolyID=Mapoly0063s0094;Name=Mp8g08240","Mp8g08240",NA,NA
"chr8","feature","gene",9510498,9517716,".","-",".","ID=Mp8g08250;MapolyID=Mapoly0063s0093;Name=Mp8g08250","Mp8g08250",0.0005619348,10
"chr8","feature","gene",9525320,9526291,".","+",".","ID=Mp8g08260;MapolyID=Mapoly0063s0092;Name=Mp8g08260","Mp8g08260",0.00114286,4
"chr8","feature","gene",9526308,9531534,".","+",".","ID=Mp8g08270;MapolyID=Mapoly0063s0091;Name=Mp8g08270","Mp8g08270",0.000460340333333333,4
"chr8","feature","gene",9830007,9838683,".","-",".","ID=Mp8g08530;MapolyID=Mapoly0063s0065;Name=Mp8g08530","Mp8g08530",0.00127216,20
"chr8","feature","gene",9831985,9843996,".","-",".","ID=Mp8g08550;MapolyID=Mapoly0063s0064;Name=Mp8g08550","Mp8g08550",0.000963019333333333,21
"chr8","feature","gene",9846834,9851689,".","+",".","ID=Mp8g08560;MapolyID=Mapoly0063s0063;Name=Mp8g08560","Mp8g08560",0.00212698416666667,30
"chr8","feature","gene",9852426,9861659,".","-",".","ID=Mp8g08570;MapolyID=Mapoly0063s0062;Name=Mp8g08570","Mp8g08570",0.001217011,23
"chr8","feature","gene",9861644,9862073,".","-",".","ID=Mp8g08580;MapolyID=Mapoly0063s0061;Name=Mp8g08580","Mp8g08580",0.00100029,2
"chr8","feature","gene",9869864,9874454,".","-",".","ID=Mp8g08590;MapolyID=Mapoly0063s0060;Name=Mp8g08590","Mp8g08590",0.0015715178,14
"chr8","feature","gene",9891303,9899039,".","+",".","ID=Mp8g08600;MapolyID=Mapoly0063s0059;Name=Mp8g08600","Mp8g08600",0.000571429,1
"chr8","feature","gene",9907255,9916459,".","+",".","ID=Mp8g08610;MapolyID=Mapoly0063s0058;Name=Mp8g08610","Mp8g08610",NA,NA
"chr8","feature","gene",9927733,9930031,".","-",".","ID=Mp8g08620;MapolyID=Mapoly0063s0057;Name=Mp8g08620","Mp8g08620",0.0004285715,3
"chr8","feature","gene",9939098,9940412,".","+",".","ID=Mp8g08630;MapolyID=Mapoly0063s0056;Name=Mp8g08630","Mp8g08630",0.0004285715,3
"chr8","feature","gene",9944995,9947975,".","+",".","ID=Mp8g08640;MapolyID=Mapoly0063s0055;Name=Mp8g08640","Mp8g08640",0.00070249925,10
"chr8","feature","gene",9951812,9955094,".","-",".","ID=Mp8g08650;MapolyID=Mapoly0063s0054;Name=Mp8g08650","Mp8g08650",NA,NA
"chr8","feature","gene",9955384,9958863,".","+",".","ID=Mp8g08660;MapolyID=Mapoly0063s0053;Name=Mp8g08660","Mp8g08660",0.000381061,1
"chr8","feature","gene",9988445,9993845,".","+",".","ID=Mp8g08670;MapolyID=Mapoly0063s0052;Name=Mp8g08670","Mp8g08670",0.0003810065,5
"chr8","feature","gene",9994586,9996062,".","-",".","ID=Mp8g08680;MapolyID=Mapoly0063s0051;Name=Mp8g08680","Mp8g08680",NA,NA
"chr8","feature","gene",10988808,10990248,".","+",".","ID=Mp8g09490;MapolyID=Mapoly0359s0002;Name=Mp8g09490","Mp8g09490",0.0015714295,6
"chr8","feature","gene",10993130,10994339,".","+",".","ID=Mp8g09500;MapolyID=Mapoly0359s0001;Name=Mp8g09500","Mp8g09500",0.000285714,1
"chr8","feature","gene",11021328,11025482,".","-",".","ID=Mp8g09510;MapolyID=Mapoly0008s0273;Name=Mp8g09510","Mp8g09510",0.000857143,3
"chr8","feature","gene",11026664,11028999,".","+",".","ID=Mp8g09520;MapolyID=Mapoly0008s0274;Name=Mp8g09520","Mp8g09520",0.000285714,1
"chr8","feature","gene",11034138,11039048,".","+",".","ID=Mp8g09530;MapolyID=Mapoly0008s0275;Name=Mp8g09530","Mp8g09530",0.000587342666666667,4
"chr8","feature","gene",11039756,11040343,".","+",".","ID=Mp8g09540;MapolyID=Mapoly0008s0276;Name=Mp8g09540","Mp8g09540",0.0008574835,5
"chr8","feature","gene",11070158,11071455,".","+",".","ID=Mp8g09550;MapolyID=Mapoly0008s0269;Name=Mp8g09550","Mp8g09550",NA,NA
"chr8","feature","gene",11071811,11075143,".","+",".","ID=Mp8g09560;MapolyID=Mapoly0008s0268;Name=Mp8g09560","Mp8g09560",0.000547694,3
"chr8","feature","gene",11075391,11076724,".","+",".","ID=Mp8g09570;MapolyID=Mapoly0008s0267;Name=Mp8g09570","Mp8g09570",0.000523959,2
"chr8","feature","gene",11080735,11082892,".","-",".","ID=Mp8g09580;MapolyID=Mapoly0008s0266;Name=Mp8g09580","Mp8g09580",0.000714287,3
"chr8","feature","gene",11089506,11091753,".","-",".","ID=Mp8g09590;MapolyID=Mapoly0008s0265;Name=Mp8g09590","Mp8g09590",0.000698559333333333,7
"chr8","feature","gene",11093757,11095112,".","+",".","ID=Mp8g09600;MapolyID=Mapoly0008s0264;Name=Mp8g09600","Mp8g09600",0.00296842666666667,23
"chr8","feature","gene",15148996,15150724,".","+",".","ID=Mp8g13440;MapolyID=Mapoly0110s0025;Name=Mp8g13440","Mp8g13440",NA,NA
"chr8","feature","gene",15152948,15154488,".","+",".","ID=Mp8g13450;MapolyID=Mapoly0110s0026;Name=Mp8g13450","Mp8g13450",0.000889216666666667,6
"chr8","feature","gene",15155664,15157093,".","+",".","ID=Mp8g13460;MapolyID=Mapoly0110s0027;Name=Mp8g13460","Mp8g13460",0.000666667,3
"chr8","feature","gene",15212352,15216766,".","-",".","ID=Mp8g13470;MapolyID=Mapoly0110s0028;Name=Mp8g13470","Mp8g13470",0.000595408,3
"chr8","feature","gene",15216637,15216936,".","+",".","ID=Mp8g13480;MapolyID=Mapoly0110s0029;Name=Mp8g13480","Mp8g13480",0.000952653,2
"chr8","feature","gene",15249323,15254345,".","+",".","ID=Mp8g13490;MapolyID=Mapoly0110s0033;Name=Mp8g13490","Mp8g13490",0.0006190475,3
"chr8","feature","gene",15255468,15259027,".","+",".","ID=Mp8g13500;MapolyID=Mapoly0110s0034;Name=Mp8g13500","Mp8g13500",0.000698413333333333,5
"chr8","feature","gene",15259683,15267274,".","-",".","ID=Mp8g13510;MapolyID=Mapoly0110s0037;Name=Mp8g13510","Mp8g13510",0.000650844333333333,6
"chr8","feature","gene",15260357,15261460,".","+",".","ID=Mp8g13520;MapolyID=Mapoly0110s0035;Name=Mp8g13520","Mp8g13520",0.000523959,2
"chr8","feature","gene",15263049,15263519,".","+",".","ID=Mp8g13530;MapolyID=Mapoly0110s0036;Name=Mp8g13530","Mp8g13530",NA,NA
"chr8","feature","gene",15273986,15275332,".","-",".","ID=Mp8g13540;MapolyID=Mapoly0935s0001;Name=Mp8g13540","Mp8g13540",0.00103191433333333,7
"chr8","feature","gene",15280325,15281613,".","-",".","ID=Mp8g13550;MapolyID=Mapoly1171s0002;Name=Mp8g13550","Mp8g13550",0.0007857895,4
"chr8","feature","gene",15282951,15284373,".","-",".","ID=Mp8g13560;MapolyID=Mapoly1171s0001;Name=Mp8g13560","Mp8g13560",0.0006190475,3
"chr8","feature","gene",15291132,15297553,".","-",".","ID=Mp8g13570;MapolyID=Mapoly0110s0038;Name=Mp8g13570","Mp8g13570",0.000682662333333333,5
"chr8","feature","gene",15301483,15304626,".","+",".","ID=Mp8g13580;MapolyID=Mapoly0110s0039;Name=Mp8g13580","Mp8g13580",0.000285714,1
"chr8","feature","gene",15315535,15320875,".","+",".","ID=Mp8g13590;MapolyID=Mapoly0110s0040;Name=Mp8g13590","Mp8g13590",0.0004286255,2
"chr8","feature","gene",15327007,15329853,".","-",".","ID=Mp8g13600;MapolyID=Mapoly0110s0041;Name=Mp8g13600","Mp8g13600",0.00047619,1
"chr8","feature","gene",15329859,15335305,".","+",".","ID=Mp8g13610;Name=Mp8g13610","Mp8g13610",0.000492086,4
"chr8","feature","gene",15340365,15345181,".","+",".","ID=Mp8g13630;MapolyID=Mapoly0110s0042;Name=Mp8g13630","Mp8g13630",0.000507936333333333,3
"chr8","feature","gene",15349152,15350352,".","+",".","ID=Mp8g13640;MapolyID=Mapoly0110s0043;Name=Mp8g13640","Mp8g13640",NA,NA
"chr8","feature","gene",15358430,15361335,".","+",".","ID=Mp8g13650;MapolyID=Mapoly0110s0044;Name=Mp8g13650","Mp8g13650",0.0007142855,3
"chr8","feature","gene",15382950,15384122,".","+",".","ID=Mp8g13660;MapolyID=Mapoly0110s0045;Name=Mp8g13660","Mp8g13660",NA,NA
"chr8","feature","gene",15403024,15407158,".","-",".","ID=Mp8g13670;MapolyID=Mapoly0110s0046;Name=Mp8g13670","Mp8g13670",0.000666666666666667,5
"chr8","feature","gene",15413515,15417664,".","-",".","ID=Mp8g13680;MapolyID=Mapoly0110s0047;Name=Mp8g13680","Mp8g13680",0.0008810475,8
"chr8","feature","gene",15417501,15422027,".","+",".","ID=Mp8g13690;MapolyID=Mapoly0110s0048;Name=Mp8g13690","Mp8g13690",0.00109555,13
"chr8","feature","gene",15430630,15434553,".","+",".","ID=Mp8g13700;MapolyID=Mapoly0110s0049;Name=Mp8g13700","Mp8g13700",NA,NA
"chr8","feature","gene",15430631,15435055,".","+",".","ID=Mp8g13710;MapolyID=Mapoly0108s0001;Name=Mp8g13710","Mp8g13710",NA,NA
"chr8","feature","gene",15449222,15452493,".","-",".","ID=Mp8g13720;MapolyID=Mapoly0108s0002;Name=Mp8g13720","Mp8g13720",0.000285714,1
"chr8","feature","gene",15462750,15465005,".","+",".","ID=Mp8g13740;MapolyID=Mapoly0110s0051;Name=Mp8g13740","Mp8g13740",0.000254013333333333,3
"chr8","feature","gene",15465698,15467978,".","+",".","ID=Mp8g13760;MapolyID=Mapoly0108s0004;Name=Mp8g13760","Mp8g13760",0.001238097,6
